Columna;Minimo;Maximo;Media
Final;1,0165;9915;2796.7687571428573
Máximo;1033;9915;3170.1133571428572
Mínimo;1,0165;9745;3136.510471428572
Volumen;1.054.847;99.506;4252278.514285714
Efectivo;11561,95;9989,65;31767.778000000006
