Nombre,Apellidos,Correo,Edad,Programación T1,Programación T2,Programación T3,Base de Datos T1,Base de Datos T2,Base de Datos T3,Lenguajes T1,Lenguajes T2,Lenguajes T3,Sistemas T1,Sistemas T2,Sistemas T3,Entornos T1,Entornos T2,Entornos T3,Programación Final,Base de Datos Final,Lenguajes Final,Sistemas Final,Entornos Final,Aprobado
Sergio,López,sergio.lópez@ejemplo.com,19,1,2,2,4,4,2,6,7,0,5,3,10,1,5,5,3.666666666666667,8.666666666666666,13.0,11.33333333333333,7.666666666666667,True
Marta,López,marta.lópez@ejemplo.com,21,10,4,6,0,2,10,7,9,10,0,3,4,9,3,9,16.0,5.333333333333334,19.33333333333333,4.333333333333333,15.0,True
Manuel,Ruiz,manuel.ruiz@ejemplo.com,22,0,4,0,1,4,9,3,8,0,8,8,10,8,9,1,4.0,8.0,11.0,19.33333333333333,17.33333333333333,True
Sergio,García,sergio.garcía@ejemplo.com,22,0,10,10,7,4,2,2,0,4,7,4,10,0,1,7,13.33333333333333,11.66666666666667,3.333333333333333,14.33333333333333,3.333333333333333,True
David,Silva,david.silva@ejemplo.com,20,1,4,8,10,0,4,4,0,2,0,5,6,6,0,9,7.666666666666666,11.33333333333333,4.666666666666667,7.0,9.0,True
Patricia,Jiménez,patricia.jiménez@ejemplo.com,19,3,10,4,0,9,7,10,9,5,2,0,6,9,1,7,14.33333333333333,11.33333333333333,20.66666666666667,4.0,12.33333333333333,True
Fernando,Díaz,fernando.díaz@ejemplo.com,19,9,6,10,2,0,7,6,3,8,8,0,5,2,1,1,18.33333333333333,4.333333333333334,11.66666666666667,9.666666666666666,3.333333333333333,True
